Workbook

Sheet Sales_Data
A1: Employee ID | B1: Employee Name | C1: Region | D1: Product ID | E1: Units Sold | F1: Sales Amount
A2: E101 | B2: Rahul Mehta | C2: North | D2: P001 | E2: 15 | F2: 45000
A3: E102 | B3: Priya Sharma | C3: South | D3: P002 | E3: 20 | F3: 60000
A4: E103 | B4: Aman Verma | C4: East | D4: P003 | E4: 10 | F4: 35000
A5: E104 | B5: Sneha Patel | C5: West | D5: P004 | E5: 25 | F5: 125000
A6: E105 | B6: Rohan Gupta | C6: North | D6: P005 | E6: 12 | F6: 48000
A7: E106 | B7: Meena Iyer | C7: East | D7: P002 | E7: 18 | F7: 54000
A8: E107 | B8: Deepak Rao | C8: South | D8: P003 | E8: 22 | F8: 77000
A9: E108 | B9: Kavita Das | C9: West | D9: P001 | E9: 30 | F9: 90000
A10: E109 | B10: Ajay Nair | C10: North | D10: P004 | E10: 14 | F10: 70000
A11: E110 | B11: Neha Kulkarni | C11: East | D11: P005 | E11: 8 | F11: 32000
D15: Product ID | E15: Units Sold
D16: P001 | E16: =SUMIF(D2:E11,D16,E2:E11) -> 45
D17: P002 | E17: =SUMIF(D3:E12,D17,E3:E12) -> 38
D18: P003 | E18: =SUMIF(D4:E13,D18,E4:E13) -> 32
D19: P004 | E19: =SUMIF(D5:E14,D19,E5:E14) -> 39
D20: P005 | E20: =SUMIF(D6:E15,D20,E6:E15) -> 20

Sheet Product_Master
A1: Product ID | B1: Product Name | C1: Category | D1: Price per Unit
A2: P001 | B2: Laptop | C2: Electronics | D2: 3000
A3: P002 | B3: Smartphone | C3: Electronics | D3: 3000
A4: P003 | B4: Headphones | C4: Accessories | D4: 3500
A5: P004 | B5: Printer | C5: Office Supplies | D5: 5000
A6: P005 | B6: Monitor | C6: Electronics | D6: 4000
C9: Product Name | D9: Price per Unit | E9: unit sold | F9: Total Sales Value
C10: =VLOOKUP(A2,A1:D6,2,FALSE) -> Laptop | D10: =VLOOKUP(A2,A1:D6,4,FALSE) -> 3000 | E10: =SUMIF(Sales_Data!D1:E11,Product_Master!A2,Sales_Data!E1:E11) -> 45 | F10: =(D10*E10) -> 135000
C11: =VLOOKUP(A3,A2:D7,2,FALSE) -> Smartphone | D11: =VLOOKUP(A3,A2:D7,4,FALSE) -> 3000 | E11: =SUMIF(Sales_Data!D2:E12,Product_Master!A3,Sales_Data!E2:E12) -> 38 | F11: =(D11*E11) -> 114000
C12: =VLOOKUP(A4,A3:D8,2,FALSE) -> Headphones | D12: =VLOOKUP(A4,A3:D8,4,FALSE) -> 3500 | E12: =SUMIF(Sales_Data!D3:E13,Product_Master!A4,Sales_Data!E3:E13) -> 32 | F12: =(D12*E12) -> 112000
C13: =VLOOKUP(A5,A4:D9,2,FALSE) -> Printer | D13: =VLOOKUP(A5,A4:D9,4,FALSE) -> 5000 | E13: =SUMIF(Sales_Data!D4:E14,Product_Master!A5,Sales_Data!E4:E14) -> 39 | F13: =(D13*E13) -> 195000
C14: =VLOOKUP(A6,A5:D10,2,FALSE) -> Monitor | D14: =VLOOKUP(A6,A5:D10,4,FALSE) -> 4000 | E14: =SUMIF(Sales_Data!D5:E15,Product_Master!A6,Sales_Data!E5:E15) -> 20 | F14: =(D14*E14) -> 80000
E15: Total = | F15: =SUM(F10:F14) -> 636000

Sheet Monthly Target
A1: Region | B1: North | C1: South | D1: East | E1: West
A2: Target Sales | B2: 150000 | C2: 140000 | D2: 120000 | E2: 160000
B6: Region | C6: Target Sales | D6: Actual sales | E6: Difference
B7: North | C7: =HLOOKUP(B7,A$1:E$2,2,FALSE) -> 150000 | D7: =SUMIF(Sales_Data!C2:C11,'Monthly Target'!B7,Sales_Data!F2:F11) -> 163000 | E7: =D7-C7 -> 13000
B8: South | C8: =HLOOKUP(B8,A$1:E$2,2,FALSE) -> 140000 | D8: =SUMIF(Sales_Data!C3:C12,'Monthly Target'!B8,Sales_Data!F3:F12) -> 137000 | E8: =D8-C8 -> -3000
B9: East | C9: =HLOOKUP(B9,A$1:E$2,2,FALSE) -> 120000 | D9: =SUMIF(Sales_Data!C4:C13,'Monthly Target'!B9,Sales_Data!F4:F13) -> 121000 | E9: =D9-C9 -> 1000
B10: West | C10: =HLOOKUP(B10,A$1:E$2,2,FALSE) -> 160000 | D10: =SUMIF(Sales_Data!C5:C14,'Monthly Target'!B10,Sales_Data!F5:F14) -> 215000 | E10: =D10-C10 -> 55000
